sid	ja	en	average	expr	aligned_expr	normalized
bl143	STEAMã§ã¯ã˜ã‚ã¦ã’ãƒ¼ã‚€ã‹ã£ãŸã‚ˆ^q^  ãƒãƒ¼ã‚¿ãƒ«ãƒãƒ³ãƒ‰ãƒ«ã¨ãƒ†ãƒ©ãƒªã‚¢^q^	I bought my first game on STEAM ^q^ Portal Bundle and Terraria ^ q ^	4.33	ã’ãƒ¼ã‚€	game	ã‚²ãƒ¼ãƒ 
bl164	[å¤§ä½ã€æŒ‡ç¤ºã‚’ãã‚Œ](#bn-fuki5)   âŠ‚ï¼[konozama](#bn-dq1)	â€œGive me an order, captainâ€(#bn-fuki5) âŠ‚ï¼[konozama](#bn-dq1)	4.33	konozama	konozama	ã“ã®ã–ã¾
bl247	ãŠã–ãƒ¼ã•ã‚“ã¯é‡å…šå†ç·¨è«–è€…ã‚„ã‹ã‚‰ã“ã®è¡Œå‹•ã‚‚ã‚ã‹ã‚‹ã‚“ã‚„ã‘ã©ã€çµ¶å¯¾é…·æ°‘å…šã¯æ‰ã‚ã‚‹ã‚„ã‚ã†ãªã€‚	I can understand Ozawa's actions as an opposition realignmentist but the The Democratic Party for the People will surely have a dispute	5.0	ãŠã–ãƒ¼	Ozawa	å°æ²¢
bl361	ãŸã ã®å†™å®Ÿã§ã‚‚ãªãã€èŠ±ã¿ãŸã„ãªæ–‡æ§˜ã‚’ãƒ‡ã‚¶ã‚¤ãƒ³ã¨ã—ã¦ã‚´ãƒªã‚´ãƒªå…¥ã‚Œã¦ã„ãã‚ãŸã‚Š   ã„ã‹ã«ã‚‚å¥³æ€§ã®ãƒ¯ã‚¶ã£ã¦æ„Ÿã˜ã ã€‚	This really feels like a feminine technique as itâ€™s not just simple realism but rather aggressively adding floral patterns.	5.0	ãƒ¯ã‚¶	technique	æŠ€
bl374	ã¥ã‚‹ã„ï¼	That's unfair!	5.0	ã¥ã‚‹ã„	unfair	ãšã‚‹ã„
bl419	ã¼ãã€ã‚ã—ãŸã€ãŠã¨ã¾ã‚Šã€‚	I'll stay over tomorrow.	4.67	ã‚ã—ãŸ	tomorrow	æ˜æ—¥
bl492	ã‚µã‚¤ãƒ‰ãƒ³ã®ã˜ã—ã‚“ï¼	Rhydon's earthquake!	5.0	ã˜ã—ã‚“	earthquake	åœ°éœ‡
bl641	é´ãŒæ±šã‹ã£ãŸã®ã§ç›´ãã†ã¨ã—ãŸã®ã‹w	So they try to fix the dirty shoe w	4.33	w	w	ç¬‘
bl775	äººæ¨©ã‚’ç›¾ã«åŠ´ç½ã‚¬ãƒƒãƒãƒª	Making tons of money from workers compensation using human rights as a shield	4.67	ã‚¬ãƒƒãƒãƒª	tons	ãŒã£ã½ã‚Š
bl800	å…¨æ•°èª¿æŸ»ã—ã¦ãªã„ã“ã¨ãŒå•é¡Œãªã®ã«å¾©å…ƒã™ã‚Œã°ãŠã£ã‘ãƒ¼ãªã®ï¼Ÿ	Not checking all the numbers is the problem yet it's okay if you restore it?	4.33	ãŠã£ã‘ãƒ¼	okay	ã‚ªãƒƒã‚±ãƒ¼
bl851	æ—¥æœ¬ä¼šè­°ã€Œä¸‹ç´šå›½æ°‘ã«ç”Ÿã¾ã‚ŒãŸè‡ªå·±è²¬ä»»ã ï¼Shine!ã€	Japan conference â€œit is your own responsibility as someone being born as a lower class citizen! Shine!"	4.67	Shine	Shine	æ­»ã­
de294	ãƒ•ã‚°é¨’å‹•ã®ã‚¹ãƒ¼ãƒ‘ãƒ¼ã‚¿ãƒ„ãƒ¤å–ç· å½¹ã€Œé•·å¹´å£²ã£ã¦ã„ãŸã€ã€Œè‚ã«éŠ˜ã˜ã¦ãƒ•ã‚°ã¯ã‚‚ã†å£²ã‚‰ãªã„ã€  ãƒ†ãƒƒãƒã‚¦ã«å½“ãŸã‚‰ãªãã‚ƒãƒ˜ãƒ¼ã‚­ãƒ˜ãƒ¼ã‚­	Super Tatsuya board member on the fugu controversy. "Had been sold for many years." "It has struck home with us, and we won't sell it anymore." As long as it's not beef rectum then it's fine.	4.0	ãƒ†ãƒƒãƒã‚¦	fugu	é‰„ç ²
de295	ãƒ•ãƒƒãŠè¦‹é€šã—ã ãœ	Ha, I can see right through it.	4.67	ãƒ•ãƒƒ	Ha	ãµã£
de296	ãƒ•ãƒƒãƒ•ãƒ¼ãƒ¼ãƒ¼ã‚¦ï¼ï¼ï¼é‡‘æ›œæ—¥ï¼æ˜æ—¥ã¯ä¼‘ã¿ï¼ï¼ãƒ•ãƒƒãƒ•ãƒ¼ãƒ¼ãƒ¼ã‚¦ï¼ï¼ï¼ï¼ãƒ•ãƒ¼ãƒ¼ãƒ¼ã‚¦ï¼ï¼ï¼ãƒ•ãƒ¼ãƒ¼ãƒ¼ã‚¦ï¼ï¼ï¼ï¼  ãªã‚“ã‹æ°¸ã„	Woo woo!!! Friday!  No work tomorrow!  Woo, wooo!!! (repeat for ever)	4.0	æ°¸ã„	for ever	é•·ã„
de316	ãƒ ã‚·ãƒ£ã‚¯ã‚·ãƒ£ã™ã‚‹ã‹ã‚‰ã‚¹ãƒˆã‚¼ãƒ­é£²ã‚“ã§å£ºç”·ã®ã‚²ãƒ¼ãƒ ã‚„ã‚‹	I'm irritated so I'm going to drink a Strong Zero and play that game with the guy in the pot.	4.67	ãƒ ã‚·ãƒ£ã‚¯ã‚·ãƒ£	irritated	ã‚€ã—ã‚ƒãã—ã‚ƒ
de321	ãƒ¤ãƒ›ãƒ¼ã˜ã‚ƒãƒ©ãƒˆãƒ“ã‚¢èªç¿»è¨³ã¯ãªã„ã‹ã‚‰ã­	It's because Yahoo won't translate Latvian.	5.0	ãƒ¤ãƒ›ãƒ¼	Yahoo	Yahoo
de375	è²´éŸ³ã€Œã“ã‚Œã¯ã¾ãŸç¶¿ç¾Šãª......ã€  ï¼Ÿï¼Ÿã€Œã²ã¤ã˜éƒï¼ã²ã¤ã˜éƒã˜ã‚ƒãªã„ã‹ï¼ã‚‚ã†ã²ã¤ã˜éƒã®ã‚´ãƒãƒ³é£Ÿã¹ãŸã‚Šã—ãªã„ã‹ã‚‰ä¸€ç·’ã«å¸°ã‚‹ã•ï½ã€	Takane "is this another sheep...." ?? "Hitsujirou! its you Hitsujirou! I wont eat your food anymore Hitsujirou so lets go home together"	4.33	ã‚´ãƒãƒ³	food	ã”é£¯
de446	é«˜é½¢è€…ã«ECã§ãƒ¢ãƒã‚’å£²ã‚‹æ™‚ãŒããŸ	The time has come to sell goods electronically to old people.	5.0	ãƒ¢ãƒ	goods	ç‰©
de490	é›†ã¾ã‚Šãã‚‹å¹²ã—æŸ¿  ã»ã¡ã„  å¹²ã—æŸ¿ã ã„ã™ã	I want gathered dried persimmon. I love dried persimmon.	4.33	ã»ã¡ã„	want	æ¬²ã—ã„
te196	ãã‚…ã†ã˜ã¤ã—ã‚…ã£ãã‚“(éœ‡ãˆå£°	I went to work on a day off (shivering voice	4.0	ãã‚…ã†ã˜ã¤ã—ã‚…ã£ãã‚“	work on a day off	ä¼‘æ—¥å‡ºå‹¤
te232	ã•ã‘ã¶ã®ã 	Shout it out loud.	5.0	ã•ã‘ã¶	Shout	å«ã¶
te275	ã¤ã‚ˆã„	Youâ€™re tough	4.67	ã¤ã‚ˆã„	tough	å¼·ã„
te316	ã·ã£ã‚¯ã‚¯ã‚¯	Hehehe.	4.33	ã‚¯ã‚¯ã‚¯	Hehehe	ããã
te335	ã¾ã¾ãŒä½¿ã†ã‚ˆã­	Mom is gonna use it	5.0	ã¾ã¾	Mom	ãƒãƒ
te362	ã‚ˆãè¦‹ãŸã‚‰æ–‡å­—ã«å½±å…¥ã£ã¦ã‚‹ã®ãŒã‚ªã‚µãƒ¬ã¿ã‚ã‚‹	I looked closely and noticed that the characters have shadows, it looks fancy	4.33	ã‚ªã‚µãƒ¬	fancy	ãŠã—ã‚ƒã‚Œ
te464	ãƒ¢ãƒ¼ãƒ›ãƒ¼å…ƒæ°—ã¨ãª	Homosexual doing good	4.67	ãƒ¢ãƒ¼ãƒ›ãƒ¼	Homosexual	ãƒ›ãƒ¢
te478	ãƒ¯ãƒƒãƒˆï¼Ÿãƒ¯ãƒƒãƒˆã‚¯ãƒ¬ã‚¸ãƒ¼ï¼ï¼Ÿ	what? What crazy?	5.0	ã‚¯ãƒ¬ã‚¸ãƒ¼	crazy	ã‚¯ãƒ¬ã‚¤ã‚¸ãƒ¼
te706	è‰æ´¥ã«ãŠã„ã§ã‚ˆè­¦æˆ’ãƒ¬ãƒ™ãƒ«1ã£ã¦ç”ºé•·ãŒå®£ä¼ã—ã¦ãŸã‘ã©ãƒ›ãƒ³ãƒˆã¯ãƒ¬ãƒ™ãƒ«3ã ã£ãŸã‚ˆ	Come to Kusatsuma! The Mayor said we're threat level 1 but really we're at level 3!	4.33	ãƒ›ãƒ³ãƒˆ	really	æœ¬å½“
tr1010	ã‹ãŒãã®ã¡ã‹ã‚‰ã£ã¦ã™ã’ãƒ¼ï¼	The power of science is great!	5.0	ã¡ã‹ã‚‰	power	åŠ›
tr1024	ã‹ã‚ãˆãˆï½ï¼ˆâ•¹â—¡â•¹ï¼‰	so cute ï½ï¼ˆâ•¹â—¡â•¹ï¼‰	5.0	ã‹ã‚ãˆãˆ	cute	ã‹ã‚ã„ã„
tr1027	ã‹ã‚“ã±ãã„	Cheers!	5.0	ã‹ã‚“ã±ãã„	Cheers	ä¹¾æ¯
tr1033	ãã‚‡ã†ã¯ğŸš•ã§å¸°ã£ã¦ããŸã‚ˆã€‚	Today I came home on a ğŸš•.	4.0	ãã‚‡ã†	Today	ä»Šæ—¥
tr1034	ãã‚ˆã¤ã‘ã‚‹ã€‚ã€‚	Taking care.	4.33	ãã‚ˆã¤ã‘ã‚‹	Taking care	æ°—ã‚’ä»˜ã‘ã‚‹
tr1040	ãã‚ƒããŸã„ã ï¼	It's abuse!	4.67	ãã‚ƒããŸã„	abuse	è™å¾…
tr1081	ã“ã®ãµã„ã‚“ããŒLLLLL	This atmosphere is LLLLL.	4.33	ãµã„ã‚“ã	atmosphere	é›°å›²æ°—
tr1175	ã“ã‚ã„...	Scary...	5.0	ã“ã‚ã„	Scary	æ€–ã„
tr1195	ã•ã‚“ãŸã•ã‚“ã«ã¾ã‹ã›ã¦	Leave it to Santa	5.0	ã•ã‚“ãŸ	Santa	ã‚µãƒ³ã‚¿
tr1206	ã—ãã¶ã¨ã‚“æ´—æ¿¯ã—ãŸã®	I washed the futon mattress.	5.0	ã—ãã¶ã¨ã‚“	futon mattress	æ•·å¸ƒå›£
tr1283	ãã®æ™‚ã‚¹ãƒ‡ã«è¡Œå‹•ã¯çµ‚ã‚ã£ã¦ã„ã‚‹ã‚“ã ãƒƒ!	At that time it's already too late!	4.33	ã‚¹ãƒ‡	already	æ—¢
tr1379	ã¤ã„ã«å®Ÿæ³å‹•ç”»ã‚ã’ã¡ã‚ƒã£ãŸ......ã¯ã˜ã‚…ã‹ã¡ãƒ......	I finally posted a video of the real conditions... embarrassing...	4.0	ã¯ã˜ã‚…ã‹ã¡ãƒ	embarrassing	æ¥ãšã‹ã—ã„
tr1402	ã§ã‚‚æ¯æ—¥ã‚¦ãƒ³ãƒå‡ºã‚‹ã®ã£ã¦å¹¸ã›	But true happiness is getting to poop every day.	4.33	ã‚¦ãƒ³ãƒ	poop	ã†ã‚“ã¡
tr1406	ã¨ãƒ¼ã„ã£ãã£ã¦5ç‚¹åˆ»ã¿ã‚‰ã—ã„ã‚ˆ	Speaking of TOIEC, scores can only come in intervals of 5.	4.33	ã¨ãƒ¼ã„ã£ã	TOIEC	TOEIC
tr1487	ãªã‚“ã‚„ã“ã®æš–ã‹ã•ã‚¡ï¼ï¼ï¼ï¼ï¼	What is this warmth!!!!!	5.0	æš–ã‹ã•ã‚¡	warmth	æš–ã‹ã•
tr1502	ã­ã‚“ãŒã‚“ã®ã‚¦ã‚¹ã‚¤ãƒ›ãƒ¼ãƒ³ã‚’ã¦ã«ã„ã‚ŒãŸãï¼	I got the Usui Horn that I had my heart set on!	4.33	ã­ã‚“ãŒã‚“	heart set on	å¿µé¡˜
tr1513	ã¯ã„çŸ›ç›¾ã€ãƒã‚¤è«–ç ´!ï¼	Yes it's a contradiction, yes that just won the argument!	4.0	ãƒã‚¤	Yes	ã¯ã„
tr1553	ã¼ãã€ã„ã‚ã‚“ãªã¨ã“ã‚ã§å«Œã‚ã‚Œã¦ã—ã¼ã†	I'm disliked wherever I go.	4.0	ã¼ã	I	åƒ•
tr1558	ã¼ããŒä»Šãƒãƒã£ã¦ã„ã‚‹å£ºç”·ã®ã‚²ãƒ¼ãƒ ã®é­…åŠ›ã‚’ã¼ããªã‚Šã«æ–‡ç« ã«ã¾ã¨ã‚ãŸã‚ˆ	I wrote my thoughts on the appeal of this game I'm really into at the moment about a man in a pot.	4.33	ã¼ã	I	åƒ•
tr1560	ã¼ããŸã‚“ã˜ã‚‡ã†ã³	It is my birthday.	5.0	ãŸã‚“ã˜ã‚‡ã†ã³	birthday	èª•ç”Ÿæ—¥
tr1716	ã‚ˆã‚ã«ã‚ƒã„...	I can't read.	5.0	ã‚ˆã‚ã«ã‚ƒã„	can't read	èª­ã‚ãªã„
tr1759	ã‚¢ãƒ„ã‚¥ã‚¤ï¼	Hot!	5.0	ã‚¢ãƒ„ã‚¥ã‚¤	Hot	ç†±ã„
tr1787	ã‚¢ãƒ¡ãƒªã‚«ã®ã‚±ãƒ¢ãƒŠãƒ¼ç•Œã§ãƒãƒˆã‚¦ãƒ¨å‹¢åŠ›ãŒæ‹¡å¤§ã—ã¦ã„ã‚‹ã‚‰ã—ã„  ãƒã‚¸ã‹ã‚ˆã‚ã«ã‚ƒã¾ã‚‹æ¢åµã‚­ãƒ«ãƒŸãƒ³ãšã…æœ€ä½ã ãª	It seems that the influence of right wingers is icreasing in the world of American furries  Seriously, Anyamaru Tantei Kiruminzuu is the absolute worst	4.67	ã‚ã«ã‚ƒã¾ã‚‹	Anyamaru	ã‚¢ãƒ‹ãƒãƒ«
tr1808	ã‚¤ã‚¤	It's great.	4.33	ã‚¤ã‚¤	great	ã„ã„
tr1825	ã‚¤ãƒŒã‚‚ã“ã‚“ãªè¡¨æƒ…ã™ã‚‹ã®ã‹ï¾œï¾—ï¾€	So dog's make this expression too lol	4.0	ï¾œï¾—ï¾€	lol	ç¬‘ã£ãŸ
tr1857	ã‚ªã‚¹åŒ–ã ã­	Masculinization, it is.	4.67	ã‚ªã‚¹	Masculinization	é›„
tr2060	ã‚¿ãƒ•ãªè€äººåŠ›ã€æ³•å»·ã®ã€Œã‚¢ã‚¦ãƒˆè€ã€...ä¸åˆ©ãªè³ªå•ã«ã€Œèã“ãˆãªã„ã€ã€è»Šæ¤…å­ã‚¢ãƒ”ãƒ¼ãƒ«  ã„ã„ã˜ã‚ƒã‚“ã€ã‚¬ãƒ³ãƒãƒ¬è€äºº	Tough elderly power, the "outlaws" of the court... Respond to disadvantageous questions with "I can't hear", and they garner points with their wheelchairs. Not bad, nicely done, elderly people.	4.33	ã‚¢ã‚¦ãƒˆè€	outlaws	ã‚¢ã‚¦ãƒˆãƒ­ãƒ¼
tr2103	ãƒˆã‚¯ã‚¬ãƒ¼ãƒ¯ã‚¤ã‚¨ãƒ¤ã‚¹ã‚¥...	Ieyasu Tokugawa...	5.0	ãƒˆã‚¯ã‚¬ãƒ¼ãƒ¯ã‚¤ã‚¨ãƒ¤ã‚¹ã‚¥	Ieyasu Tokugawa	å¾³å·å®¶åº·
tr2132	ãƒŠãƒãƒ¢ãƒã‹ã„ãª	What is this, perishable food?	4.33	ãƒŠãƒãƒ¢ãƒ	perishable food	ç”Ÿã‚‚ã®
tr224	Intelã®ãƒ—ãƒ­ã‚»ãƒƒã‚µãƒãƒƒãƒ—ã«æ ¹æœ¬çš„ãªè¨­è¨ˆä¸Šã®æ¬ é™¥ãŒç™ºè¦šã€å„OSã«ã‚¢ãƒƒãƒ—ãƒ‡ãƒ¼ãƒˆã®å¿…è¦æ€§  ãã‚ãã‚è²·ã„æ›¿ãˆãŸã„ã¨æ€ã£ã¦ãŸã—æ¬¡ã¯ryzenã¨ã‚„ã‚‰ã«ã™ã‚‹ã‹ãª  ãã£ã°ã„ã‚¤ãƒ³ãƒ†ãƒ«	Fundamental flaw in Intel's processor chips necessitates updates to every OS  I was thinking about upgrading any time now, I wonder if I should go with ryzen  Goodbye, Intel	4.67	ãã£ã°ã„	Goodbye	ã‚°ãƒƒãƒã‚¤
tr2278	ãƒœãƒ‡ã‚£ã¯ã‚„ã‚ãªã€ã‚«ã‚ªãƒ¼ã«ã—ãª	Stop with the body, do the face	4.33	ã‚«ã‚ªãƒ¼	face	é¡”
tr2355	ãƒ¤ã‚®ã­ï¼	A goat!	4.0	ãƒ¤ã‚®	goat	å±±ç¾Š
tr238	LLLãŒã‚ã‚“ã—ã‚“ãªã®	There are no worries about LLL.	4.33	ã‚ã‚“ã—ã‚“	no worries	å®‰å¿ƒ
tr2428	å®‰å€ã¡ã‚ƒã‚“ã€Œå¤±æ¥­è€…ãŒæ¸›ã£ãŸã‹ã‚‰ã¨ã†ãœã‚“ã ã‚ï¼ã€	Abe "The number of unemployed people decreased so it's as expected!"	4.33	ã¨ã†ãœã‚“	expected	å½“ç„¶
tr3190	ä»Šæ—¥ã®ã”é£¯ã¯éº»å©†è±†è…ã§ã—ãŸ  ãƒãƒ¼ãƒ‰ãƒ¼ãƒœãƒ¼ãƒ•!	Today's meal was mapo tofu  mado bofu	5.0	ãƒãƒ¼ãƒ‰ãƒ¼ãƒœãƒ¼ãƒ•	mado bofu	éº»å©†è±†è…
tr3203	ä»Šæ—¥ã®æ°´ã‚¿ãƒã‚³  ãŸã®ã¡ã„	Today's hookah, it's fun	4.67	ãŸã®ã¡ã„	fun	æ¥½ã—ã„
tr3253	å©šå§»å±Šæå‡ºâ†’ãã®ã¾ã¾å½¹æ‰€ã§æŒ™å¼ãŒãƒ–ãƒ¼ãƒ ï¼Ÿå®‰ã„ï¼†ãƒ©ã‚¯ã§çµ¶è³›ã®åµï¼  å½¹æ‰€è¡Œäº‹ã‹ãª	Submitting marriage registration â†’ Having a wedding ceremony at the government office right then becoming popular? Cheap & easy making it very popular now! A government office event, I guess.	4.33	ãƒ©ã‚¯	easy	æ¥½
tr3284	æœ€è¿‘ãã‚‰ã’ã°ã‚“ã¡ã¨ã„ã„ã‚ªãƒ¢ã‚³ãƒ­ã¨ã„ã„ã‚µãƒ¼ãƒãŒé‡ã™ãã¦ã‚¹ãƒƒã¨è¦‹ã‚‰ã‚Œãªã„ã®ã¯è…¹ç«‹ã¤ã‚	Recently Kurage Bunch and Omokoro's servers are so slow that I can't see it right away, it's pissing me off.	4.67	ãã‚‰ã’ã°ã‚“ã¡	Kurage Bunch	ãã‚‰ã’ãƒãƒ³ãƒ
tr3389	å²ä¸Šæœ€æ‚ªï¼æ™‚é€Ÿ235ã‚­ãƒ­ã®ã‚¹ãƒ”ãƒ¼ãƒ‰é•åã§æ•ã¾ã£ãŸç”·ã¯ã€ã©ã‚“ãªè»Šã«ä¹—ã£ã¦ã„ãŸã‹ï¼Ÿ  è‡ªåˆ†ã®çƒé€Ÿã‚ˆã‚Šæ—©ã„ã‚¹ãƒ”ãƒ¼ãƒ‰ã§é•åã—ãŸé‡çƒé¸æ‰‹ãŒå±…ãŸã£ã¦ã®ã«ãƒ¯ãƒ­ã‚¿	Worst in history! Man arrested for 235 kilometers per hour speed violation, what kind of car was he in? A baseball player breaking the speed limit going faster than he can throw a baseball? Hahaha.	4.33	ãƒ¯ãƒ­ã‚¿	Hahaha	ç¬‘ã£ãŸ
tr3437	æ™‚è¨ˆè²·ã„ãŸã„ã‚“ã ã‘ã©  ã—ã‚“ã·ã‚‹ã„ãšã¹ã™ã¨	I want to buy a clock, but simple is best.	4.67	ã—ã‚“ã·ã‚‹ã„ãšã¹ã™ã¨	simple is best	ã‚·ãƒ³ãƒ—ãƒ«ã‚¤ã‚ºãƒ™ã‚¹ãƒˆ
tr3450	è‡ªè¡›éšŠã§1ç•ªã®ç¾ãƒãƒƒãƒãƒ§ã‚’æ±ºã‚ã‚‹å¤§ä¼šã€Œè‡ªè¡›éšŠãƒ™ã‚¹ãƒˆãƒœãƒ‡ã‚£2018ã€ãŒé–‹å‚¬ã•ã‚Œã‚‹ã‚ˆï¼ é™¸ãƒ»æµ·ãƒ»ç©ºã®éšŠå“¡ã®å¥åº·çš„ãªç­‹è‚‰ã«é‡˜ä»˜ã‘ã§ã™â™¡  é™¸ã®ãƒœã‚¤ãƒ©ãƒ¼æŠ€å®˜ã¨ã‹è¶…çµ¶ãƒ’ãƒã ã‹ã‚‰ç­‹ãƒˆãƒ¬ã«å°‚å¿µã—ãŸã‚‰ã¶ã£ã¡ãã‚Šã ã‚ã†ãª	The "Self Defense Force Best Body 2018" event will be held to determine the most beautiful macho body in the Self Defense Force! Feast your eyes on the strong muscles of members from the ground, sea, and air units â™¡ Ground boiler technical officers and such have tons of free time, so if they devote themselves to lifting weights they should win in a landslide, right?	4.0	ãƒ’ãƒ	free time	æš‡
tr3483	è‡ªæ°‘ã®å±±æ±æ°ã€Œï¼”äººä»¥ä¸Šç”£ã‚“ã å¥³æ€§ã€åšåŠ´çœã§è¡¨å½°ã‚’ã€  â€»å¥½ããªã‚‚ã®ã‚’é¸ã¼ã†   ãƒ»ä½•è¨€ã£ã¦ã‚“ã ã‚³ã‚¤ãƒ„ï¼Ÿ   ãƒ»é ­ãŠã‹ã—ã„   ãƒ»é•ã†ãã†ã˜ã‚ƒãªã„	Mr. Santou of the Liberal Democratic Party says, â€œthe Ministry of Health, Labor, and Welfare commends women that give birth to more than four children.â€  Letâ€™s choose what we want. What is this guy saying? He is a nut job. No, that is not true.	4.33	ã‚³ã‚¤ãƒ„	this guy	ã“ã„ã¤
tr3894	ç”Ÿæ´»ä¿è­·ä¸–å¸¯ãŒéå»æœ€å¤šï¼ï¼–ã‚«æœˆé€£ç¶šå¢—ï¼åšåŠ´çœ  ã“ã†ã‘ã„ããªã®ã«ãµã—ãã ãªãƒ¼	The Ministry of Health, Labour and Welfare reported an all time high number of life preservation households. They have been increasing for 6 months. That is strange because the economy is doing well.	4.0	ã“ã†ã‘ã„ã	economy is doing well	å¥½æ™¯æ°—
tr3930	çµ¶å¯¾ã«è½ã¨ã—ã¦ã¯ã„ã‘ãªã„ãƒ¢ãƒã‚’è½ã¨ã—ãŸäººãŸã¡  å‰æ­©ã„ã¦ã‚‹ç›¸å½“æ­³ã‚’ã¨ã£ãŸã”å©¦äººãŒã€ ãƒãƒ­ãƒãƒ­ã¨ã‚ºãƒœãƒ³ã®è£¾ã‹ã‚‰ã‚¦â—‹ã‚³è½ã¨ã—ã¦ã‚‹ã®è¦‹ã¡ã‚ƒã£ãŸã“ã¨ãŒã‚ã‚‹	People who drop things that you absolutely can't drop. I once saw a housewife of a reasonable age who was walking ahead of me drop a piece of sh*t from the hem of her trousers.	4.33	ã‚¦â—‹ã‚³	sh*t	ã†ã‚“ã“
tr3996	å¢—ãˆã‚‹é«˜é½¢è€…ã‚¯ãƒ¬ãƒ¼ãƒãƒ¼ã€æ‚©ã‚€ã‚µãƒ¼ãƒ“ã‚¹æ¥­ã®è‹¥è€…ãŸã¡  ã™ã„ã¾ã›ã‚“ã™ã„ã¾ã›ã‚“ã£ã¦ãã‚Œã—ã‹è¨€ãˆã‚“ã®ã‹ã“ã®ã‚µãƒ«ã‚¥ï¼	Increasing numbers of elderly complaining, young people in service industry troubled. "I'm sorry, I'm sorry." Is that all you can say you monkey!?	4.33	ã‚µãƒ«ã‚¥	monkey	çŒ¿
tr3999	å³èˆˆã§ã‚„ã£ã¦ãã‚Œæ„ŸãŒã‚¤ã‚¤ãƒ	I like the off the cuff feeling.	4.0	ã‚¤ã‚¤ãƒ	like	ã„ã„ã­
tr4009	ä»–ã¯ã—ã£ã¨æ¡ˆä»¶	Anything else is just jealousy.	4.33	ã—ã£ã¨	jealousy	å«‰å¦¬
tr4137	ä¸­èº«ãŒã‚ã‚“ã“ã®ãƒŠãƒãƒ¢ãƒã ã£ãŸã‚‰èºŠèº‡ãªãæ½°ã›ã‚‹ã®ã«ã­	If the inside really is perishable red bean paste then I could crush it without hesitation.	4.0	ãƒŠãƒãƒ¢ãƒ	perishable	ç”Ÿç‰©
tr415	steamã’ãƒ¼ã‚€	steam game	5.0	ã’ãƒ¼ã‚€	game	ã‚²ãƒ¼ãƒ 
tr4178	ç”°å´å²éƒã¨ã‚±ãƒ³ãƒˆãƒ»ã‚®ãƒ«ãƒãƒ¼ãƒˆã«è‡ªæ°‘å…šã‹ã‚‰ã‚«ãƒãŒæ”¯æ‰•ã‚ã‚Œã¦ã„ãŸï¼	Money from the LDP was paid to Shiro Tazaki and Kent Gilbert!	5.0	ã‚«ãƒ	Money	é‡‘
tr4274	äºŒæ¬¡ã‚­ãƒƒãƒ„ã‚¤ã‚‚ã‚“ãªã€‚	The secondary is tough.	4.33	ã‚­ãƒƒãƒ„ã‚¤	tough	ãã¤ã„
tr4341	æ—¥æœ¬èªã§ãŠï½‹	Japanese is fine.	5.0	ãŠï½‹	fine	OK
tr4378	å¿è€…ã®ã€Œãƒªã‚¢ãƒ«ãªä¸€é¢ã€å¤–å›½äººã«ç™ºä¿¡ã€Œã‚¹ãƒ†ãƒ¬ã‚ªã‚¿ã‚¤ãƒ—ã§ãªãæ–°é®®ã€ã€Œä¼çµ±æ–‡åŒ–ã‚’æ­£ã—ãå¤–å›½äººã«ä¼ãˆã‚‹ã€  æ—¥æœ¬äººã®è€ƒãˆã‚‹å¿è€…ã‚‚ãƒ‹ãƒ³ã‚¸ãƒ£ã ã‚	Ninja's "Real side". Foreigner say "It is fresh rather than a stereotype". "Communicate the correct traditional culture of  ninjas to foreigners". What the Japanese think are ninjas are ninjas as well.	4.33	ãƒ‹ãƒ³ã‚¸ãƒ£	Ninja	å¿è€…
tr4491	ç¦ç”°åº·å¤«å…ƒé¦–ç›¸ã®â€œã‚¢ãƒ™å«Œã„â€	Former Prime Minister Fukuda Yasuo's "Hate for Abe".	4.67	ã‚¢ãƒ™	Abe	å®‰å€
tr4567	åŒ—æµ·é“ã®çœŸã‚“ä¸­ã‚ãŸã‚Šã«ç§»ä½ã—ãŸã„  LLLæ‘ç§»ä½ã‘ã„ã‹ã	I want to move somewhere around the middle of Hokkaido   A moving plan for an LLL village	4.0	ã‘ã„ã‹ã	plan	è¨ˆç”»
tr4624	æ¯æ—¥ã ã‹ã‚‰ã¡ã‚…ã‹ã‚Œã‚‹......	It's tiring because it's every day......	4.0	ã¡ã‚…ã‹ã‚Œã‚‹	tiring	ç–²ã‚Œã‚‹
tr4689	æ˜æ—¥ã‚‚ã†ä¸€åº¦æ¥ã¦ä¸‹ã•ã„ã€‚æœ¬ç‰©ã®éŠƒå‰£é“ã‚’è¦‹ã›ã¦ã‚ã’ã¾ã™ã‚ˆã€‚  æ•™å®˜ã¡ã‚‡ã£ã¨ãƒ‹ãƒ¤ã‘ã¦ã‚‹ï½—	Please come again tomorrow. I'll show you the true form of Juukendou. The teacher is kind of grinning haha.	4.67	ãƒ‹ãƒ¤ã‘ã¦ã‚‹	grinning	ã«ã‚„ã‘ã¦ã‚‹
tr4758	ç«‹æ´¾ãªã—ã‚ƒã¡ãã‚ã†	What a magnificent corporate slave.	4.33	ã—ã‚ƒã¡ã	corporate slave	ç¤¾ç•œ
tr497	ã€Œã§ã€ã©ã£ã¡ãŒãƒ¯ãƒ«ãƒ¢ãƒãªã‚“ã ã„ï¼Ÿã€	"So, which one's the bad guy?"	5.0	ãƒ¯ãƒ«ãƒ¢ãƒ	bad guy	æ‚ªè€…
tr5	( 'A`)Ï† < è³‡æ ¼ã‚’å–ã‚‹ã‚“ã ãƒ»ãƒ»ãƒ»  è¶³ãƒ‡ã‚«ã„ã‹ã‚‰å±¥ã‘ãªã„	('A`) Ï† <I'm taking qualification ... I can not wear it because my foot is so big	4.67	ãƒ‡ã‚«ã„	Ï†	ã§ã‹ã„
tr53	1æšç›®ã®ã­ã“ãƒ‘ãƒ©ã™ã£ã”ãã‚¤ã‚¤	The first Nekopara one is amazingly good.	4.33	ã‚¤ã‚¤	good	ã„ã„
tr580	ã€Œä½å·æ°ã¯ä¸€èˆ¬äººã«ãªã£ãŸã€‚æ‹›è‡´ã¯é›£ã—ã„ã€è‡ªæ°‘ãƒ»æ£®å±±æ°  ã²ã©ã™ããƒ¯ãƒ­ã‚¿ãƒ»ãƒ»ãƒ»ãƒ¯ãƒ­ã‚¿ãƒ»ãƒ»  ãã®ã†ã¡ã€Œä½å·æ°ã¯é¬¼ç±ã«å…¥ã£ãŸã€‚æ‹›è‡´ã¯å‡ºæ¥ãªã„ã€ã«ãªã‚Šãã†	"Mr. Saka became an ordinary person. It was hard to summon." Mr. Moriyama from the Liberal Democratic Party is too awful, I laughed... I laughed... And then, "Mr. sakawa has entered the ruling party. He cannot be summoned" seems to be what will happen.	4.0	ãƒ¯ãƒ­ã‚¿	laughed	ç¬‘ã£ãŸ
tr656	ã€ã‚½ãƒ¼ãƒ‰ã‚¢ãƒ¼ãƒˆãƒ»ã‚ªãƒ³ãƒ©ã‚¤ãƒ³ ãƒ•ã‚§ã‚¤ã‚¿ãƒ«ãƒ»ãƒãƒ¬ãƒƒãƒˆã€æµ·å¤–ãƒ¬ãƒ“ãƒ¥ãƒ¼  å¤šããŒ"åŸä½œãƒ•ã‚¡ãƒ³ã‚’å¦å®šã—ãªã„ã‚ˆã†ã«ã©ã†ãƒ’ãƒ‰ã„ãƒ‡ã‚­ã«è¨€åŠã™ã‚‹ã‹?"ã®å›ç­”ä¾‹ã¿ãŸã„   ãƒ¬ãƒ“ãƒ¥ãƒ¼ã™ã‚“ã®ã‚‚ãŸã„ã¸ã‚“ã ãª	Sword Art Online: Fatal Bullet released overseas. Many interested in whether they will mention the abysmal quality while not denigrating fans of the original. This one is gonna be tough to write a review for, eh?	4.0	ãƒ‡ã‚­	quality	å‡ºæ¥
tr699	ã€è¡æ’ƒã€‘ç”°æ‘ã‚†ã‹ã‚Šã•ã‚“ã®ç¾åœ¨ãŒãƒ¤ãƒ´ã‚¡ã‚¤	Shocking: Yukari Tamura is presently in a bad state.	4.33	ãƒ¤ãƒ´ã‚¡ã‚¤	Shocking	ã‚„ã°ã„
tr791	ã‚ã€ãƒã‚¤	uh, yes	4.67	ãƒã‚¤	yes	ã¯ã„
tr802	ã‚ã„ã—ã¦ã‚‹ã‚ã ãƒ¼ã‚Šã‚“	I love you darling.	5.0	ã ãƒ¼ã‚Šã‚“	darling	ãƒ€ãƒ¼ãƒªãƒ³
tr815	ã‚ã–ã¾ã™ï¼	Thanks!	5.0	ã‚ã–ã¾ã™	Thanks	ã‚ã‚ŠãŒã¨ã†ã”ã–ã„ã¾ã™
tr842	ã‚ã‚ŠãŒãŸã†	I'm grateful.	4.67	ã‚ã‚ŠãŒãŸã†	grateful	ã‚ã‚ŠãŒã¨ã†
tr877	ã„ã¡ã”ã¯waifuã§ã™	Strawberries are my waifu.	4.67	waifu	waifu	å¦»
tr885	ã„ã¾ã‚ˆã£ã±ã‚‰ã£ã¦ã¾ã™	I am drunk now.	4.67	ã‚ˆã£ã±ã‚‰ã£ã¦	drunk	é…”ã£æ‰•ã£ã¦
tr911	ã†ã‚€ã€ã‚ãŸã¿	Yes, Atami	5.0	ã‚ãŸã¿	Atami	ç†±æµ·
tr946	ãŠã¡ã”ã¨...	Work...	5.0	ãŠã¡ã”ã¨	Work	ãŠä»•äº‹
tr947	ãŠã¡ã‚…ã‹ã‚Œ	Good work.	4.33	ãŠã¡ã‚…ã‹ã‚Œ	Good work	ãŠç–²ã‚Œ
tr971	ãŠã‚Šã¯ã‚‹ã“ã‚“ï¼Ÿ	Orichalcum?	5.0	ãŠã‚Šã¯ã‚‹ã“ã‚“	Orichalcum	ã‚ªãƒªãƒãƒ«ã‚³ãƒ³
tr993	ãŠå¤©æ°—è‰¯ã„ã­ å¤ªé™½ã‚µãƒ³ã‚µãƒ³ï¼  ã¾ã¡ãŒãˆãŸã£	What great weather, the sun is shining brightly! It was a mistake.	4.33	ã¾ã¡ãŒãˆãŸã£	It was a mistake	é–“é•ãˆãŸ
